﻿{"cameraMode":{"drawMode":0,"name":"Shaded","section":"Shading Mode"},"sceneLighting":false,"audioPlay":false,"sceneViewState":{"showFog":true,"showMaterialUpdate":false,"showSkybox":true,"showFlares":true,"showImageEffects":true,"showParticleSystems":true},"in2DMode":false,"pivot":{"x":0.9468850493431091,"y":-34.68798065185547,"z":-0.3164081573486328},"rotation":{"x":0.15088564157485963,"y":-0.021646004170179368,"z":0.0033048929180949928,"w":0.9883140325546265},"size":18.009485244750978,"orthographic":false}