﻿{"cameraMode":{"drawMode":0,"name":"Shaded","section":"Shading Mode"},"sceneLighting":false,"audioPlay":false,"sceneViewState":{"showFog":true,"showMaterialUpdate":false,"showSkybox":false,"showFlares":true,"showImageEffects":true,"showParticleSystems":true},"in2DMode":false,"pivot":{"x":-0.13046503067016602,"y":28.76529884338379,"z":0.975644588470459},"rotation":{"x":0.03835500404238701,"y":0.9206390380859375,"z":-0.09367988258600235,"w":0.3771418631076813},"size":26.563621520996095,"orthographic":false}