﻿{"cameraMode":{"drawMode":0,"name":"Shaded","section":"Shading Mode"},"sceneLighting":true,"audioPlay":false,"sceneViewState":{"showFog":true,"showMaterialUpdate":false,"showSkybox":true,"showFlares":true,"showImageEffects":true,"showParticleSystems":true},"in2DMode":false,"pivot":{"x":2.5055723190307619,"y":4.081447124481201,"z":-151.40414428710938},"rotation":{"x":-0.0779300108551979,"y":0.08721748739480972,"z":-0.006844950839877129,"w":-0.9931185841560364},"size":10.0,"orthographic":false}